{
    "OneDark": { 
        "Background":           "#282C34",
        "Foreground":           "#979FAD",
        "Text":                 "#979FAD",
        "Selection_Background": "#3A3F4B",
        "Selection_Foreground": "#FFFFFF",
        "Buttons":              "#3A3F4B",
        "Second_Background":    "#2F333D",
        "Disabled":             "#6B727D",
        "Contrast":             "#21252B",
        "Active":               "#383E49",
        "Border":               "#282C34",
        "Highlight":            "#383D48",
        "Tree":                 "#3A3F4B",
        "Notifications":        "#282C34",
        "Accent_Color":         "#2979ff",
        "Excluded_Files_Color": "#3c4150",
        "Comments_Color":       "#59626F",
        "Variables_Color":      "#56B6C2",
        "Links_Color":          "#56B6C2",
        "Functions_Color":      "#61AEEF",
        "Keywords_Color":       "#C679DD",
        "Tags_Color":           "#F07178",
        "Strings_Color":        "#98C379",
        "Operators_Color":      "#61AFEF",
        "Attributes_Color":     "#E5C17C",
        "Numbers_Color":        "#D19A66",
        "Parameters_Color":     "#ABB2BF"
    },
    "Dracula": {
        "Background":           "#282A36",
        "Foreground":           "#F8F8F2",
        "Text":                 "#6272A4",
        "Selection_Background": "#44475A",
        "Selection_Foreground": "#8BE9FD",
        "Buttons":              "#393C4B",
        "Second_Background":    "#282A36",
        "Disabled":             "#6272A4",
        "Contrast":             "#191A21",
        "Active":               "#44475A",
        "Border":               "#21222C",
        "Highlight":            "#6272A4",
        "Tree":                 "#44475A",
        "Notifications":        "#1D2228",
        "Accent_Color":         "#FF79C5",
        "Excluded_Files_Color": "#34353D",
        "Comments_Color":       "#6272A4",
        "Variables_Color":      "#6272A4",
        "Links_Color":          "#F1FA8C",
        "Functions_Color":      "#50FA78",
        "Keywords_Color":       "#FF79C6",
        "Tags_Color":           "#FF79C6",
        "Strings_Color":        "#F1FA8C",
        "Operators_Color":      "#FF79C6",
        "Attributes_Color":     "#50FA7B",
        "Numbers_Color":        "#BD93F9",
        "Parameters_Color":     "#FFB86C"
    },
    "Oceanic": { 
        "Background":           "#263238",
        "Foreground":           "#B0BEC5",
        "Text":                 "#607D8B",
        "Selection_Background": "#546E7A",
        "Selection_Foreground": "#FFFFFF",
        "Buttons":              "#2E3C43",
        "Second_Background":    "#32424A",
        "Disabled":             "#415967",
        "Contrast":             "#1E272C",
        "Active":               "#314549",
        "Border":               "#2A373E",
        "Highlight":            "#425B67",
        "Tree":                 "#546E7A",
        "Notifications":        "#1E272C",
        "Accent_Color":         "#009688",
        "Excluded_Files_Color": "#2E3C43",
        "Comments_Color":       "#546e7a",
        "Variables_Color":      "#546e7a",
        "Links_Color":          "#80cbc4",
        "Functions_Color":      "#82aaff",
        "Keywords_Color":       "#c792ea",
        "Tags_Color":           "#f07178",
        "Strings_Color":        "#c3e88d",
        "Operators_Color":      "#89ddff",
        "Attributes_Color":     "#ffcb6b",
        "Numbers_Color":        "#f78c6c",
        "Parameters_Color":     "#f78c6c"
    },
    "Darker": {        
        "Background":           "#212121",
        "Foreground":           "#B0BEC5",
        "Text":                 "#727272",
        "Selection_Background": "#353535",
        "Selection_Foreground": "#FFFFFF",
        "Buttons":              "#2A2A2A",
        "Second_Background":    "#292929",
        "Disabled":             "#474747",
        "Contrast":             "#1A1A1A",
        "Active":               "#323232",
        "Border":               "#292929",
        "Highlight":            "#3F3F3F",
        "Tree":                 "#323232",
        "Notifications":        "#1A1A1A",
        "Accent_Color":         "#FF9800",
        "Excluded_Files_Color": "#323232",
        "Comments_Color":       "#616161",
        "Variables_Color":      "#80cbc4",
        "Links_Color":          "#80cbc4",
        "Functions_Color":      "#82aaff",
        "Keywords_Color":       "#c792ea",
        "Tags_Color":           "#f07178",
        "Strings_Color":        "#c3e88d",
        "Operators_Color":      "#89ddff",
        "Attributes_Color":     "#ffcb6b",
        "Numbers_Color":        "#f78c6c",
        "Parameters_Color":     "#f78c6c"
    },
    "Palenight": {             
        "Background":           "#292D3E",
        "Foreground":           "#A6ACCD",
        "Text":                 "#676E95",
        "Selection_Background": "#3C435E",
        "Selection_Foreground": "#FFFFFF",
        "Buttons":              "#303348",
        "Second_Background":    "#34324a",
        "Disabled":             "#515772",
        "Contrast":             "#202331",
        "Active":               "#414863",
        "Border":               "#2b2a3e",
        "Highlight":            "#444267",
        "Tree":                 "#676E95",
        "Notifications":        "#202331",
        "Accent_Color":         "#ab47bc",
        "Excluded_Files_Color": "#2f2e43",
        "Comments_Color":       "#676E95",
        "Variables_Color":      "#80cbc4",
        "Links_Color":          "#80cbc4",
        "Functions_Color":      "#82aaff",
        "Keywords_Color":       "#c792ea",
        "Tags_Color":           "#f07178",
        "Strings_Color":        "#c3e88d",
        "Operators_Color":      "#89ddff",
        "Attributes_Color":     "#ffcb6b",
        "Numbers_Color":        "#f78c6c",
        "Parmeters_Color":      "#f78c6c"
    },
    "Deep_Ocean": {
        "Background":           "#0F111A",
        "Foreground":           "#8F93A2",
        "Text":                 "#787f9a",
        "Selection_Background": "#232632",
        "Selection_Foreground": "#FFFFFF",
        "Buttons":              "#191A21",
        "Second_Background":    "#181A1F",
        "Disabled":             "#464B5D",
        "Contrast":             "#090B10",
        "Active":               "#1A1C25",
        "Border":               "#0F111A",
        "Highlight":            "#1F2233",
        "Tree":                 "#717CB4",
        "Notifications":        "#090B10",
        "Accent_Color":         "#84ffff",
        "Excluded_Files_Color": "#292D3E",
        "Comments_Color":       "#717CB4",
        "Variables_Color":      "#80cbc4",
        "Links_Color":          "#80cbc4",
        "Functions_Color":      "#82aaff",
        "Keywords_Color":       "#c792ea",
        "Tags_Color":           "#f07178",
        "Strings_Color":        "#c3e88d",
        "Operators_Color":      "#89ddff",
        "Attributes_Color":     "#ffcb6b",
        "Numbers_Color":        "#f78c6c",
        "Parameters_Color":     "#F59762"
    },
    "Monokai_Pro": {                
        "Background":           "#2D2A2E",
        "Foreground":           "#fcfcfa",
        "Text":                 "#939293",
        "Selection_Background": "#5B595C",
        "Selection_Foreground": "#F8F8F2",
        "Buttons":              "#403E41",
        "Second_Background":    "#403E41",
        "Disabled":             "#727072",
        "Contrast":             "#221F22",
        "Active":               "#4A474B",
        "Border":               "#2d2a2e",
        "Highlight":            "#5b595c",
        "Tree":                 "#403E41",
        "Notifications":        "#363437",
        "Accent_Color":         "#ffd866ee",
        "Excluded_Files_Color": "#3a3a3c",
        "Comments_Color":       "#727072",
        "Variables_Color":      "#78DCE8",
        "Links_Color":          "#78DCE8",
        "Functions_Color":      "#A9DC76",
        "Keywords_Color":       "#FF6188",
        "Tags_Color":           "#FF6188",
        "Strings_Color":        "#FFD866",
        "Operators_Color":      "#FF6188",
        "Attributes_Color":     "#78DCE8",
        "Numbers_Color":        "#AB9DF2",
        "Parameters_Color":     "#F59762"
    },
    "Arc_Dark": {              
        "Background":           "#2f343f",
        "Foreground":           "#D3DAE3",
        "Text":                 "#8b9eb5",
        "Selection_Background": "#8888FF",
        "Selection_Foreground": "#FFFFFF",
        "Buttons":              "#383C4A",
        "Second_Background":    "#393f4c",
        "Disabled":             "#D3DAE3",
        "Contrast":             "#262b33",
        "Active":               "#41416A",
        "Border":               "#404552",
        "Highlight":            "#3F3F46",
        "Tree":                 "#08507C",
        "Notifications":        "#262a33",
        "Accent_Color":         "#42A5F5",
        "Excluded_Files_Color": "#474B57",
        "Comments_Color":       "#747C84",
        "Variables_Color":      "#7587A6",
        "Links_Color":          "#7587A6",
        "Functions_Color":      "#7587A6",
        "Keywords_Color":       "#9B859D",
        "Tags_Color":           "#CF6A4C",
        "Strings_Color":        "#8F9D6A",
        "Operators_Color":      "#A7A7A7",
        "Attributes_Color":     "#F9EE98",
        "Numbers_Color":        "#CDA869",
        "Parameters_Color":     "#CDA869"
    },
    "Solarized_Dark": {            
        "Background":           "#002B36",
        "Foreground":           "#839496",
        "Text":                 "#586e75",
        "Selection_Background": "#2E4C52",
        "Selection_Foreground": "#FFFFFF",
        "Buttons":              "#073642",
        "Second_Background":    "#003745",
        "Disabled":             "#2E5861",
        "Contrast":             "#00252E",
        "Active":               "#11353F",
        "Border":               "#0D3640",
        "Highlight":            "#11353F",
        "Tree":                 "#2E4C52",
        "Notifications":        "#2E4C52",
        "Accent_Color":         "#d33682",
        "Excluded_Files_Color": "#083F4D",
        "Comments_Color":       "#657B83",
        "Variables_Color":      "#268BD2",
        "Links_Color":          "#268BD2",
        "Functions_Color":      "#B58900",
        "Keywords_Color":       "#859900",
        "Tags_Color":           "#268BD2",
        "Strings_Color":        "#2AA198",
        "Operators_Color":      "#93A1A1",
        "Attributes_Color":     "#B58900",
        "Numbers_Color":        "#D33682",
        "Parameters_Color":     "#93A1A1"
    },
    "Night_Owl": {              
        "Background":           "#011627",
        "Foreground":           "#d6deeb",
        "Text":                 "#5f7e97",
        "Selection_Background": "#d3b53FF",
        "Selection_Foreground": "#FFFFFF",
        "Buttons":              "#0b253a",
        "Second_Background":    "#0b2942",
        "Disabled":             "#697098",
        "Contrast":             "#010e1a",
        "Active":               "#234d70",
        "Border":               "#122d42",
        "Highlight":            "#084d81",
        "Tree":                 "#234d70",
        "Notifications":        "#01111d",
        "Accent_Color":         "#7e57c2",
        "Excluded_Files_Color": "#0e293f",
        "Comments_Color":       "#637777",
        "Variables_Color":      "#ecc48d",
        "Links_Color":          "#ecc48d",
        "Functions_Color":      "#B58900",
        "Keywords_Color":       "#c792ea",
        "Tags_Color":           "#7fdbca",
        "Strings_Color":        "#ecc48d",
        "Operators_Color":      "#c792ea",
        "Attributes_Color":     "#ef5350",
        "Numbers_Color":        "#f78c6c",
        "Parameters_Color":     "#d6deeb"
    },
    "One_Light": {             
        "Background":           "#FAFAFA",
        "Foreground":           "#232324",
        "Text":                 "#9D9D9F",
        "Selection_Background": "#DBDBDC",
        "Selection_Foreground": "#232324",
        "Buttons":              "#DBDBDC",
        "Second_Background":    "#EAEAEB",
        "Disabled":             "#424243",
        "Contrast":             "#FFFFFF",
        "Active":               "#DBDBDC",
        "Border":               "#DBDBDC",
        "Highlight":            "#EAEAEB",
        "Tree":                 "#DBDBDC",
        "Notifications":        "#F2F2F2",
        "Accent_Color":         "#2979ff",
        "Excluded_Files_Color": "#DBDBDC",
        "Comments_Color":       "#A0A1A7",
        "Variables_Color":      "#0184BC",
        "Links_Color":          "#0184BC",
        "Functions_Color":      "#4078F2",
        "Keywords_Color":       "#A626A4",
        "Tags_Color":           "#E4564A",
        "Strings_Color":        "#50A14E",
        "Operators_Color":      "#4078F2",
        "Attributes_Color":     "#C18401",
        "Numbers_Color":        "#986801",
        "Parameters_Color":     "#383A42"
    },
    "Solarized_Light": {              
        "Background":           "#fdf6e3",
        "Foreground":           "#586e75",
        "Text":                 "#93a1a1",
        "Selection_Background": "#93a1a1",
        "Selection_Foreground": "#002b36",
        "Buttons":              "#FEFBF1",
        "Second_Background":    "#F6F0DE",
        "Disabled":             "#C9CCC3",
        "Contrast":             "#eee8d5",
        "Active":               "#F6F0DE",
        "Border":               "#edead9",
        "Highlight":            "#F6F0DE",
        "Tree":                 "#93a1a1",
        "Notifications":        "#EDE8D4",
        "Accent_Color":         "#d33682",
        "Excluded_Files_Color": "#E3DCC9",
        "Comments_Color":       "#93A1A1",
        "Variables_Color":      "#268BD2",
        "Links_Color":          "#268BD2",
        "Functions_Color":      "#B58900",
        "Keywords_Color":       "#859900",
        "Tags_Color":           "#268BD2",
        "Strings_Color":        "#2AA198",
        "Operators_Color":      "#657B83",
        "Attributes_Color":     "#657B83",
        "Numbers_Color":        "#D33682",
        "Paraeters_Color":      "#657B83"
    },
    "Light_Owl": {            
        "Background":           "#F0F0F0",
        "Foreground":           "#403f53",
        "Text":                 "#90A7B2",
        "Selection_Background": "#E0E0E0",
        "Selection_Foreground": "#403f53",
        "Buttons":              "#d9d9d9",
        "Second_Background":    "#FBFBFB",
        "Disabled":             "#93A1A1",
        "Contrast":             "#D0D0D0",
        "Active":               "#d3e8f8",
        "Border":               "#d9d9d9",
        "Highlight":            "#CCCCCC",
        "Tree":                 "#7cd3e8",
        "Notifications":        "#F0F0F0",
        "Accent_Color":         "#2AA298",
        "Excluded_Files_Color": "#E0E7EA",
        "Comments_Color":       "#989fb1",
        "Variables_Color":      "#ff869a",
        "Links_Color":          "#ff869a",
        "Functions_Color":      "#4876d6",
        "Keywords_Color":       "#994cc3",
        "Tags_Color":           "#994cc3",
        "Strings_Color":        "#c96765",
        "Operators_Color":      "#994cc3",
        "Attributes_Color":     "#0c969b",
        "Numbers_Color":        "#aa0982",
        "Parameters_Color":     "#0c969b"
    },
    "Lighter": {                
        "Background":           "#FAFAFA",
        "Foreground":           "#546E7A",
        "Text":                 "#94A7B0",
        "Selection_Background": "#80CBC4",
        "Selection_Foreground": "#546e7a",
        "Buttons":              "#F3F4F5",
        "Second_Background":    "#eae8e8",
        "Disabled":             "#D2D4D5",
        "Contrast":             "#F4F4F4",
        "Active":               "#E7E7E8",
        "Border":               "#d3e1e8",
        "Highlight":            "#E7E7E8",
        "Tree":                 "#80CBC4",
        "Notifications":        "#eae8e8",
        "Accent_Color":         "#00BCD4",
        "Excluded_Files_Color": "#eae8e8",
        "Comments_Color":       "#AABFC9",
        "Variables_Color":      "#39ADB5",
        "Links_Color":          "#39ADB5",
        "Functions_Color":      "#6182B8",
        "Keywords_Color":       "#7C4DFF",
        "Tags_Color":           "#E53935",
        "Strings_Color":        "#91B859",
        "Operators_Color":      "#39ADB5",
        "Attributes_Color":     "#F6A434",
        "Numbers_Color":        "#F76D47",
        "Parameters_Color":     "#F76D47"
    }
}